[
{
    "model": "auth.user",
    "pk": 131,
    "fields": {
        "password": "pbkdf2_sha256$36000$Z4UOMGVgLc5N$n+yjOoZyWOSD28iPNlheBp23Sbk+SxM7vlq4+PiWeH4=",
        "last_login": null,
        "is_superuser": false,
        "username": "user1",
        "first_name": "",
        "last_name": "",
        "email": "user1@example.com",
        "is_staff": false,
        "is_active": true,
        "date_joined": "2017-10-29T12:40:22.161Z",
        "groups": [],
        "user_permissions": []
    }
},
{
    "model": "auth.user",
    "pk": 132,
    "fields": {
        "password": "pbkdf2_sha256$36000$p8ykRJUCOio2$8o/5WFro3zoOnnniYdlWopnYKKepgNbX26A35oZa1wc=",
        "last_login": null,
        "is_superuser": false,
        "username": "user2",
        "first_name": "",
        "last_name": "",
        "email": "user2@example.com",
        "is_staff": false,
        "is_active": true,
        "date_joined": "2017-10-29T12:40:23.707Z",
        "groups": [],
        "user_permissions": []
    }
},
{
    "model": "auth.user",
    "pk": 133,
    "fields": {
        "password": "pbkdf2_sha256$36000$WthVS683YIMZ$pXn6GqVEGnIk/eM0QiqraS26m1BR1WzGqvWQ0B1/hGY=",
        "last_login": null,
        "is_superuser": false,
        "username": "user3",
        "first_name": "",
        "last_name": "",
        "email": "user3@example.com",
        "is_staff": false,
        "is_active": true,
        "date_joined": "2017-10-29T12:40:25.139Z",
        "groups": [],
        "user_permissions": []
    }
},
{
    "model": "auth.user",
    "pk": 134,
    "fields": {
        "password": "pbkdf2_sha256$36000$Z0dhyiizN2kj$RDZLYQhTTF9javJl7UjkMZAKNdL1XFsipk9y6TWMN2c=",
        "last_login": null,
        "is_superuser": false,
        "username": "user4",
        "first_name": "",
        "last_name": "",
        "email": "user4@example.com",
        "is_staff": false,
        "is_active": true,
        "date_joined": "2017-10-29T12:40:27.551Z",
        "groups": [],
        "user_permissions": []
    }
},
{
    "model": "auth.user",
    "pk": 135,
    "fields": {
        "password": "pbkdf2_sha256$36000$Q6D8I2QcQ2Sb$+5HKc8elDseLNYh0Q/4w5eXDEOCk7q2oPIGkewiiO08=",
        "last_login": null,
        "is_superuser": false,
        "username": "user5",
        "first_name": "",
        "last_name": "",
        "email": "user5@example.com",
        "is_staff": false,
        "is_active": true,
        "date_joined": "2017-10-29T12:40:30.165Z",
        "groups": [],
        "user_permissions": []
    }
},
{
    "model": "auth.user",
    "pk": 136,
    "fields": {
        "password": "pbkdf2_sha256$36000$9TjCsXlEe23g$o/n99BqIzhBkr7oW1b2E4wyb292h18J7iKhChmOwK0c=",
        "last_login": null,
        "is_superuser": false,
        "username": "user6",
        "first_name": "",
        "last_name": "",
        "email": "user6@example.com",
        "is_staff": false,
        "is_active": true,
        "date_joined": "2017-10-29T12:40:32.814Z",
        "groups": [],
        "user_permissions": []
    }
},
{
    "model": "auth.user",
    "pk": 137,
    "fields": {
        "password": "pbkdf2_sha256$36000$3rCCasredlNn$uHl2R9mHyxpWVWfhxrpTDMBT9czynIraVVrqY2ZgMHw=",
        "last_login": null,
        "is_superuser": false,
        "username": "user7",
        "first_name": "",
        "last_name": "",
        "email": "user7@example.com",
        "is_staff": false,
        "is_active": true,
        "date_joined": "2017-10-29T12:40:35.303Z",
        "groups": [],
        "user_permissions": []
    }
},
{
    "model": "auth.user",
    "pk": 138,
    "fields": {
        "password": "pbkdf2_sha256$36000$27K7EEZYYqN6$aiXpkn9OUuEuzMOdzNPqsPF6vPjnIyVckR+zvh2bF/I=",
        "last_login": null,
        "is_superuser": false,
        "username": "user8",
        "first_name": "",
        "last_name": "",
        "email": "user8@example.com",
        "is_staff": false,
        "is_active": true,
        "date_joined": "2017-10-29T12:40:37.915Z",
        "groups": [],
        "user_permissions": []
    }
},
{
    "model": "auth.user",
    "pk": 139,
    "fields": {
        "password": "pbkdf2_sha256$36000$HqNaWpb8ySoJ$JG29B9nObNajxgWWhmUGv0RfEcZgO54gQpYqKE9xUl8=",
        "last_login": null,
        "is_superuser": false,
        "username": "user9",
        "first_name": "",
        "last_name": "",
        "email": "user9@example.com",
        "is_staff": false,
        "is_active": true,
        "date_joined": "2017-10-29T12:40:40.494Z",
        "groups": [],
        "user_permissions": []
    }
},
{
    "model": "auth.user",
    "pk": 140,
    "fields": {
        "password": "pbkdf2_sha256$36000$CQsCmyljoobX$90RQDCP1kXVq+62wzGodCPPgPzkkbTWVj3GAoDU+hac=",
        "last_login": null,
        "is_superuser": false,
        "username": "user10",
        "first_name": "",
        "last_name": "",
        "email": "user10@example.com",
        "is_staff": false,
        "is_active": true,
        "date_joined": "2017-10-29T12:40:43.130Z",
        "groups": [],
        "user_permissions": []
    }
},
{
    "model": "auth.user",
    "pk": 141,
    "fields": {
        "password": "pbkdf2_sha256$36000$6HWrwKyJyCMg$Ndg9qpVD8CT9X3gKR8coLVlRxUVfMmUwYP4fAr70m24=",
        "last_login": null,
        "is_superuser": false,
        "username": "user11",
        "first_name": "",
        "last_name": "",
        "email": "user11@example.com",
        "is_staff": false,
        "is_active": true,
        "date_joined": "2017-10-29T12:40:45.454Z",
        "groups": [],
        "user_permissions": []
    }
},
{
    "model": "auth.user",
    "pk": 142,
    "fields": {
        "password": "pbkdf2_sha256$36000$L5ix64wPUnYa$8skGfYXJNazOkCNZygHjVBQXOcUtuaYa53Gi7LIzX7w=",
        "last_login": null,
        "is_superuser": false,
        "username": "user12",
        "first_name": "",
        "last_name": "",
        "email": "user12@example.com",
        "is_staff": false,
        "is_active": true,
        "date_joined": "2017-10-29T12:40:48.362Z",
        "groups": [],
        "user_permissions": []
    }
},
{
    "model": "auth.user",
    "pk": 143,
    "fields": {
        "password": "pbkdf2_sha256$36000$2BWRtUxgkrta$FR1clvxh8h4k5yDa1OFiG96UOwXeDVmvwxYh22QfC3w=",
        "last_login": null,
        "is_superuser": false,
        "username": "user13",
        "first_name": "",
        "last_name": "",
        "email": "user13@example.com",
        "is_staff": false,
        "is_active": true,
        "date_joined": "2017-10-29T12:40:51.333Z",
        "groups": [],
        "user_permissions": []
    }
},
{
    "model": "auth.user",
    "pk": 144,
    "fields": {
        "password": "pbkdf2_sha256$36000$5vgCU5xYvUBW$0rY+gbbwsAqL9rnFt1fEiNyo/En+iu8HU6nyCD8s3CE=",
        "last_login": null,
        "is_superuser": false,
        "username": "user14",
        "first_name": "",
        "last_name": "",
        "email": "user14@example.com",
        "is_staff": false,
        "is_active": true,
        "date_joined": "2017-10-29T12:40:54.277Z",
        "groups": [],
        "user_permissions": []
    }
},
{
    "model": "auth.user",
    "pk": 145,
    "fields": {
        "password": "pbkdf2_sha256$36000$WIF1AsYXSJ50$5BqjDEzxjOxyG4hySQD0JdDvyJWrno62F/BO/LNCJhI=",
        "last_login": null,
        "is_superuser": false,
        "username": "user15",
        "first_name": "",
        "last_name": "",
        "email": "user15@example.com",
        "is_staff": false,
        "is_active": true,
        "date_joined": "2017-10-29T12:40:56.875Z",
        "groups": [],
        "user_permissions": []
    }
},
{
    "model": "auth.user",
    "pk": 146,
    "fields": {
        "password": "pbkdf2_sha256$36000$u5CKvL038XVd$1VxAvKFGywZAz6ycAeb9X7rEH3YNECe84jif/bPon0g=",
        "last_login": null,
        "is_superuser": false,
        "username": "user16",
        "first_name": "",
        "last_name": "",
        "email": "user16@example.com",
        "is_staff": false,
        "is_active": true,
        "date_joined": "2017-10-29T12:40:59.906Z",
        "groups": [],
        "user_permissions": []
    }
},
{
    "model": "auth.user",
    "pk": 147,
    "fields": {
        "password": "pbkdf2_sha256$36000$Cq3G4Z1vfGKm$6YKOU37vjFmdYGPBlI/jzU+laacWf//FXkAr2cuFXQM=",
        "last_login": null,
        "is_superuser": false,
        "username": "user17",
        "first_name": "",
        "last_name": "",
        "email": "user17@example.com",
        "is_staff": false,
        "is_active": true,
        "date_joined": "2017-10-29T12:41:02.540Z",
        "groups": [],
        "user_permissions": []
    }
},
{
    "model": "auth.user",
    "pk": 148,
    "fields": {
        "password": "pbkdf2_sha256$36000$lv1FmNXKK3Jb$+8Z8+RMffk2XvBZg3UQEo6nQFGZnx9aMs0NZ2ED5o4I=",
        "last_login": null,
        "is_superuser": false,
        "username": "user18",
        "first_name": "",
        "last_name": "",
        "email": "user18@example.com",
        "is_staff": false,
        "is_active": true,
        "date_joined": "2017-10-29T12:41:05.563Z",
        "groups": [],
        "user_permissions": []
    }
},
{
    "model": "auth.user",
    "pk": 149,
    "fields": {
        "password": "pbkdf2_sha256$36000$w78D0Ha22a3C$ryO3285WnJtNF2xxI0MnakDlRrqXFv5U5FQ2YXffFfQ=",
        "last_login": null,
        "is_superuser": false,
        "username": "user19",
        "first_name": "",
        "last_name": "",
        "email": "user19@example.com",
        "is_staff": false,
        "is_active": true,
        "date_joined": "2017-10-29T12:41:08.008Z",
        "groups": [],
        "user_permissions": []
    }
},
{
    "model": "auth.user",
    "pk": 150,
    "fields": {
        "password": "pbkdf2_sha256$36000$RfJo7Tcu6Tco$X4YWIwRD5hdt0fw/eqErBjc6UMx/Ofqqbt6s9CtaEVc=",
        "last_login": null,
        "is_superuser": false,
        "username": "user20",
        "first_name": "",
        "last_name": "",
        "email": "user20@example.com",
        "is_staff": false,
        "is_active": true,
        "date_joined": "2017-10-29T12:41:11.825Z",
        "groups": [],
        "user_permissions": []
    }
},
{
    "model": "auth.user",
    "pk": 151,
    "fields": {
        "password": "pbkdf2_sha256$36000$Oddo59E2GCj1$KCeH/mFrqMlqTmV3U67xaeeoTBB/kQh5KxD+gznQACI=",
        "last_login": null,
        "is_superuser": false,
        "username": "user21",
        "first_name": "",
        "last_name": "",
        "email": "user21@example.com",
        "is_staff": false,
        "is_active": true,
        "date_joined": "2017-10-29T12:41:14.491Z",
        "groups": [],
        "user_permissions": []
    }
},
{
    "model": "auth.user",
    "pk": 152,
    "fields": {
        "password": "pbkdf2_sha256$36000$lmh66nuPf6te$4ZkMaelJJQHiwG85TECp8Rd8YRqYjcOPG5kn9sVOzlw=",
        "last_login": null,
        "is_superuser": false,
        "username": "user22",
        "first_name": "",
        "last_name": "",
        "email": "user22@example.com",
        "is_staff": false,
        "is_active": true,
        "date_joined": "2017-10-29T12:41:17.267Z",
        "groups": [],
        "user_permissions": []
    }
},
{
    "model": "auth.user",
    "pk": 153,
    "fields": {
        "password": "pbkdf2_sha256$36000$UbG7iXIAr1Wl$iPmE1/p6NPYXrfqg8jAyKnB8z7x5zEwVTKK0KaQBU/A=",
        "last_login": null,
        "is_superuser": false,
        "username": "user23",
        "first_name": "",
        "last_name": "",
        "email": "user23@example.com",
        "is_staff": false,
        "is_active": true,
        "date_joined": "2017-10-29T12:41:19.350Z",
        "groups": [],
        "user_permissions": []
    }
},
{
    "model": "auth.user",
    "pk": 154,
    "fields": {
        "password": "pbkdf2_sha256$36000$8lT1jyWHS7S7$7S0wSRZ4MmFV/N1/E6goZXtc/4VE2jRvDFvclIvb/rI=",
        "last_login": null,
        "is_superuser": false,
        "username": "user24",
        "first_name": "",
        "last_name": "",
        "email": "user24@example.com",
        "is_staff": false,
        "is_active": true,
        "date_joined": "2017-10-29T12:41:22.082Z",
        "groups": [],
        "user_permissions": []
    }
},
{
    "model": "auth.user",
    "pk": 155,
    "fields": {
        "password": "pbkdf2_sha256$36000$4dzzh2j3Gjlb$89nKXhE0vNBHtH3HuyLtEOu2qi8giL40AEGRylk4nPU=",
        "last_login": null,
        "is_superuser": false,
        "username": "user25",
        "first_name": "",
        "last_name": "",
        "email": "user25@example.com",
        "is_staff": false,
        "is_active": true,
        "date_joined": "2017-10-29T12:41:24.807Z",
        "groups": [],
        "user_permissions": []
    }
},
{
    "model": "auth.user",
    "pk": 156,
    "fields": {
        "password": "pbkdf2_sha256$36000$fNY9ArzZF89d$v1HNKuJdWiGgBUalSBNtfqfSeV3NADZaRbr6eWSTSJE=",
        "last_login": null,
        "is_superuser": false,
        "username": "user26",
        "first_name": "",
        "last_name": "",
        "email": "user26@example.com",
        "is_staff": false,
        "is_active": true,
        "date_joined": "2017-10-29T12:41:27.224Z",
        "groups": [],
        "user_permissions": []
    }
},
{
    "model": "auth.user",
    "pk": 157,
    "fields": {
        "password": "pbkdf2_sha256$36000$fehhpmDX5Ctn$dcuDKHu6wi9t+Q0nihJ0M02Mqsw2h4Xxkj6IlfOqD5A=",
        "last_login": null,
        "is_superuser": false,
        "username": "user27",
        "first_name": "",
        "last_name": "",
        "email": "user27@example.com",
        "is_staff": false,
        "is_active": true,
        "date_joined": "2017-10-29T12:41:29.818Z",
        "groups": [],
        "user_permissions": []
    }
},
{
    "model": "auth.user",
    "pk": 158,
    "fields": {
        "password": "pbkdf2_sha256$36000$njMH2lEzGzN9$LBxlUzIOu/G0gj1bK5xwYREvKpBGhVcbFpnNF92j2JE=",
        "last_login": null,
        "is_superuser": false,
        "username": "user28",
        "first_name": "",
        "last_name": "",
        "email": "user28@example.com",
        "is_staff": false,
        "is_active": true,
        "date_joined": "2017-10-29T12:41:32.632Z",
        "groups": [],
        "user_permissions": []
    }
},
{
    "model": "auth.user",
    "pk": 159,
    "fields": {
        "password": "pbkdf2_sha256$36000$jVrMfsNQEx1S$bdUIM0bF7WBzMBh2i+QIQfByWTquKd8ovpkyR53UcOM=",
        "last_login": null,
        "is_superuser": false,
        "username": "user29",
        "first_name": "",
        "last_name": "",
        "email": "user29@example.com",
        "is_staff": false,
        "is_active": true,
        "date_joined": "2017-10-29T12:41:35.095Z",
        "groups": [],
        "user_permissions": []
    }
},
{
    "model": "auth.user",
    "pk": 160,
    "fields": {
        "password": "pbkdf2_sha256$36000$vNjJgjQpSXEH$gC27i//DshhP4mpn01RFKzihEdGCNia5TPShuzOcy6w=",
        "last_login": null,
        "is_superuser": false,
        "username": "user30",
        "first_name": "",
        "last_name": "",
        "email": "user30@example.com",
        "is_staff": false,
        "is_active": true,
        "date_joined": "2017-10-29T12:41:37.729Z",
        "groups": [],
        "user_permissions": []
    }
},
{
    "model": "auth.user",
    "pk": 161,
    "fields": {
        "password": "pbkdf2_sha256$36000$dNAGcLLh38rb$zMR8w7oLI1R+GVvcOgluWPNhhcLTUnGUx40hu5s5q1M=",
        "last_login": null,
        "is_superuser": false,
        "username": "user31",
        "first_name": "",
        "last_name": "",
        "email": "user31@example.com",
        "is_staff": false,
        "is_active": true,
        "date_joined": "2017-10-29T12:41:40.201Z",
        "groups": [],
        "user_permissions": []
    }
},
{
    "model": "auth.user",
    "pk": 162,
    "fields": {
        "password": "pbkdf2_sha256$36000$6jCwSHp8ljNc$DyfWmkBruPEPXxfrXQQDE4P9rkfli+gRxxl1rGsGkJo=",
        "last_login": null,
        "is_superuser": false,
        "username": "user32",
        "first_name": "",
        "last_name": "",
        "email": "user32@example.com",
        "is_staff": false,
        "is_active": true,
        "date_joined": "2017-10-29T12:41:42.689Z",
        "groups": [],
        "user_permissions": []
    }
},
{
    "model": "auth.user",
    "pk": 163,
    "fields": {
        "password": "pbkdf2_sha256$36000$3P02EcVBBgii$0NAs5REpRY6ydjjNz+RocWVDFum9H/uwBzMZ2xLfwdQ=",
        "last_login": null,
        "is_superuser": false,
        "username": "user33",
        "first_name": "",
        "last_name": "",
        "email": "user33@example.com",
        "is_staff": false,
        "is_active": true,
        "date_joined": "2017-10-29T12:41:45.562Z",
        "groups": [],
        "user_permissions": []
    }
},
{
    "model": "auth.user",
    "pk": 164,
    "fields": {
        "password": "pbkdf2_sha256$36000$pfuppJb4xl6k$ohWh+szu99YtlpJY3s/tNY6otMXiNJEN5/LerhUI+So=",
        "last_login": null,
        "is_superuser": false,
        "username": "user34",
        "first_name": "",
        "last_name": "",
        "email": "user34@example.com",
        "is_staff": false,
        "is_active": true,
        "date_joined": "2017-10-29T12:41:48.252Z",
        "groups": [],
        "user_permissions": []
    }
},
{
    "model": "auth.user",
    "pk": 165,
    "fields": {
        "password": "pbkdf2_sha256$36000$sG1PZE2QflPu$DAw1plmrowDzD90bFO4ejHOkDh9OSWNsaMZ3N0OVyBc=",
        "last_login": null,
        "is_superuser": false,
        "username": "user35",
        "first_name": "",
        "last_name": "",
        "email": "user35@example.com",
        "is_staff": false,
        "is_active": true,
        "date_joined": "2017-10-29T12:41:50.741Z",
        "groups": [],
        "user_permissions": []
    }
},
{
    "model": "auth.user",
    "pk": 166,
    "fields": {
        "password": "pbkdf2_sha256$36000$vSstCKpBVcv8$aT1RSpTMtPBKk1Cou59sQ6NDMjfqVqk5ZiLoTzFXP+c=",
        "last_login": null,
        "is_superuser": false,
        "username": "user36",
        "first_name": "",
        "last_name": "",
        "email": "user36@example.com",
        "is_staff": false,
        "is_active": true,
        "date_joined": "2017-10-29T12:41:53.346Z",
        "groups": [],
        "user_permissions": []
    }
},
{
    "model": "auth.user",
    "pk": 167,
    "fields": {
        "password": "pbkdf2_sha256$36000$Y0YmKvwtU3Ma$hE6+xUJmpfquacfjEoOxs3FyKy043n5X2bA/nwEFqKc=",
        "last_login": null,
        "is_superuser": false,
        "username": "user37",
        "first_name": "",
        "last_name": "",
        "email": "user37@example.com",
        "is_staff": false,
        "is_active": true,
        "date_joined": "2017-10-29T12:41:56.077Z",
        "groups": [],
        "user_permissions": []
    }
},
{
    "model": "auth.user",
    "pk": 168,
    "fields": {
        "password": "pbkdf2_sha256$36000$p5SArJewngcq$YB8chajDIYYm+zhzx4Xzi7gBQLVbsKhJKTMOECX449c=",
        "last_login": null,
        "is_superuser": false,
        "username": "user38",
        "first_name": "",
        "last_name": "",
        "email": "user38@example.com",
        "is_staff": false,
        "is_active": true,
        "date_joined": "2017-10-29T12:41:58.747Z",
        "groups": [],
        "user_permissions": []
    }
},
{
    "model": "auth.user",
    "pk": 169,
    "fields": {
        "password": "pbkdf2_sha256$36000$OpC21ZF8jyuc$eKp2SE3O+MX8Er/expA1qdSudgeejPDtAXLpBmfe9ro=",
        "last_login": null,
        "is_superuser": false,
        "username": "user39",
        "first_name": "",
        "last_name": "",
        "email": "user39@example.com",
        "is_staff": false,
        "is_active": true,
        "date_joined": "2017-10-29T12:42:01.111Z",
        "groups": [],
        "user_permissions": []
    }
},
{
    "model": "auth.user",
    "pk": 170,
    "fields": {
        "password": "pbkdf2_sha256$36000$BVHYoxIqDBEe$2xddai8zm8nFZlpnoOhlENi/rwFAwZ3rAoaJdBVBK74=",
        "last_login": null,
        "is_superuser": false,
        "username": "user40",
        "first_name": "",
        "last_name": "",
        "email": "user40@example.com",
        "is_staff": false,
        "is_active": true,
        "date_joined": "2017-10-29T12:42:03.824Z",
        "groups": [],
        "user_permissions": []
    }
},
{
    "model": "auth.user",
    "pk": 171,
    "fields": {
        "password": "pbkdf2_sha256$36000$h8ddH6nYLMNN$zouUMT/P8+H9wYPoJpfI5QltmqSW3DKKHXyzn9JkyNY=",
        "last_login": null,
        "is_superuser": false,
        "username": "user41",
        "first_name": "",
        "last_name": "",
        "email": "user41@example.com",
        "is_staff": false,
        "is_active": true,
        "date_joined": "2017-10-29T12:42:06.410Z",
        "groups": [],
        "user_permissions": []
    }
},
{
    "model": "auth.user",
    "pk": 172,
    "fields": {
        "password": "pbkdf2_sha256$36000$fluEvYCzK38Y$z3Yd0PKANlEH3aFdSoABAz/mwYi/rDicmTcYC3Y0ISo=",
        "last_login": null,
        "is_superuser": false,
        "username": "user42",
        "first_name": "",
        "last_name": "",
        "email": "user42@example.com",
        "is_staff": false,
        "is_active": true,
        "date_joined": "2017-10-29T12:42:11.949Z",
        "groups": [],
        "user_permissions": []
    }
},
{
    "model": "auth.user",
    "pk": 173,
    "fields": {
        "password": "pbkdf2_sha256$36000$nnuUA4OKu1Qx$/2tDhNUxAB53CUNgaTVubIekFXoDgIxCrNaAfM4UEGs=",
        "last_login": null,
        "is_superuser": false,
        "username": "user43",
        "first_name": "",
        "last_name": "",
        "email": "user43@example.com",
        "is_staff": false,
        "is_active": true,
        "date_joined": "2017-10-29T12:42:16.710Z",
        "groups": [],
        "user_permissions": []
    }
},
{
    "model": "auth.user",
    "pk": 174,
    "fields": {
        "password": "pbkdf2_sha256$36000$vW5V8SjIgltV$Cn5aXidVzlVELcY+NH0arfGvbWu2VTCX0RfH3Al5QIo=",
        "last_login": null,
        "is_superuser": false,
        "username": "user44",
        "first_name": "",
        "last_name": "",
        "email": "user44@example.com",
        "is_staff": false,
        "is_active": true,
        "date_joined": "2017-10-29T12:42:25.315Z",
        "groups": [],
        "user_permissions": []
    }
},
{
    "model": "auth.user",
    "pk": 175,
    "fields": {
        "password": "pbkdf2_sha256$36000$HlQFCRwKUE3q$yn0Y49TuCzTYJ4AZOkFsXk46SnCkiAg5XNPpkrslxIg=",
        "last_login": null,
        "is_superuser": false,
        "username": "user45",
        "first_name": "",
        "last_name": "",
        "email": "user45@example.com",
        "is_staff": false,
        "is_active": true,
        "date_joined": "2017-10-29T12:42:27.992Z",
        "groups": [],
        "user_permissions": []
    }
},
{
    "model": "auth.user",
    "pk": 176,
    "fields": {
        "password": "pbkdf2_sha256$36000$tvFK1C87Cwh3$zE5azi8IYkd1yd0nxLbaPSWbLLGSC2keP+43Tc42Vpk=",
        "last_login": null,
        "is_superuser": false,
        "username": "user46",
        "first_name": "",
        "last_name": "",
        "email": "user46@example.com",
        "is_staff": false,
        "is_active": true,
        "date_joined": "2017-10-29T12:42:31.152Z",
        "groups": [],
        "user_permissions": []
    }
},
{
    "model": "auth.user",
    "pk": 177,
    "fields": {
        "password": "pbkdf2_sha256$36000$8SPdtLOT372P$9oKE5E63ek3QfoKv/1618HOfGoaTEMhJZ6jv6O8eSDI=",
        "last_login": null,
        "is_superuser": false,
        "username": "user47",
        "first_name": "",
        "last_name": "",
        "email": "user47@example.com",
        "is_staff": false,
        "is_active": true,
        "date_joined": "2017-10-29T12:42:34.077Z",
        "groups": [],
        "user_permissions": []
    }
},
{
    "model": "auth.user",
    "pk": 178,
    "fields": {
        "password": "pbkdf2_sha256$36000$C0xiFMh9cgq3$ncYrERIgNY5CNe25exe9qSvxZGsrGJ1aFkIDWBV8ULA=",
        "last_login": null,
        "is_superuser": false,
        "username": "user48",
        "first_name": "",
        "last_name": "",
        "email": "user48@example.com",
        "is_staff": false,
        "is_active": true,
        "date_joined": "2017-10-29T12:42:37.319Z",
        "groups": [],
        "user_permissions": []
    }
},
{
    "model": "auth.user",
    "pk": 179,
    "fields": {
        "password": "pbkdf2_sha256$36000$4EOPrZCbJUXP$nbnIb9vzNMjYOFPPiUPkbV8HVmrUdzwXgBx3vAxM1WQ=",
        "last_login": null,
        "is_superuser": false,
        "username": "user49",
        "first_name": "",
        "last_name": "",
        "email": "user49@example.com",
        "is_staff": false,
        "is_active": true,
        "date_joined": "2017-10-29T12:42:39.963Z",
        "groups": [],
        "user_permissions": []
    }
},
{
    "model": "auth.user",
    "pk": 180,
    "fields": {
        "password": "pbkdf2_sha256$36000$tFw9VsLQdWJR$5t2vJk2/Dbyjy/qpz0BMFtV71DfnWx5nJWSNrq15GQE=",
        "last_login": null,
        "is_superuser": false,
        "username": "user50",
        "first_name": "",
        "last_name": "",
        "email": "user50@example.com",
        "is_staff": false,
        "is_active": true,
        "date_joined": "2017-10-29T12:42:42.482Z",
        "groups": [],
        "user_permissions": []
    }
},
{
    "model": "assign4_stepanovicApp.profile",
    "pk": 1,
    "fields": {
        "user": 131,
        "language": ""
    }
},
{
    "model": "assign4_stepanovicApp.profile",
    "pk": 2,
    "fields": {
        "user": 132,
        "language": ""
    }
},
{
    "model": "assign4_stepanovicApp.profile",
    "pk": 3,
    "fields": {
        "user": 133,
        "language": ""
    }
},
{
    "model": "assign4_stepanovicApp.profile",
    "pk": 4,
    "fields": {
        "user": 134,
        "language": ""
    }
},
{
    "model": "assign4_stepanovicApp.profile",
    "pk": 5,
    "fields": {
        "user": 135,
        "language": ""
    }
},
{
    "model": "assign4_stepanovicApp.profile",
    "pk": 6,
    "fields": {
        "user": 136,
        "language": ""
    }
},
{
    "model": "assign4_stepanovicApp.profile",
    "pk": 7,
    "fields": {
        "user": 137,
        "language": ""
    }
},
{
    "model": "assign4_stepanovicApp.profile",
    "pk": 8,
    "fields": {
        "user": 138,
        "language": ""
    }
},
{
    "model": "assign4_stepanovicApp.profile",
    "pk": 9,
    "fields": {
        "user": 139,
        "language": ""
    }
},
{
    "model": "assign4_stepanovicApp.profile",
    "pk": 10,
    "fields": {
        "user": 140,
        "language": ""
    }
},
{
    "model": "assign4_stepanovicApp.profile",
    "pk": 11,
    "fields": {
        "user": 141,
        "language": ""
    }
},
{
    "model": "assign4_stepanovicApp.profile",
    "pk": 12,
    "fields": {
        "user": 142,
        "language": ""
    }
},
{
    "model": "assign4_stepanovicApp.profile",
    "pk": 13,
    "fields": {
        "user": 143,
        "language": ""
    }
},
{
    "model": "assign4_stepanovicApp.profile",
    "pk": 14,
    "fields": {
        "user": 144,
        "language": ""
    }
},
{
    "model": "assign4_stepanovicApp.profile",
    "pk": 15,
    "fields": {
        "user": 145,
        "language": ""
    }
},
{
    "model": "assign4_stepanovicApp.profile",
    "pk": 16,
    "fields": {
        "user": 146,
        "language": ""
    }
},
{
    "model": "assign4_stepanovicApp.profile",
    "pk": 17,
    "fields": {
        "user": 147,
        "language": ""
    }
},
{
    "model": "assign4_stepanovicApp.profile",
    "pk": 18,
    "fields": {
        "user": 148,
        "language": ""
    }
},
{
    "model": "assign4_stepanovicApp.profile",
    "pk": 19,
    "fields": {
        "user": 149,
        "language": ""
    }
},
{
    "model": "assign4_stepanovicApp.profile",
    "pk": 20,
    "fields": {
        "user": 150,
        "language": ""
    }
},
{
    "model": "assign4_stepanovicApp.profile",
    "pk": 21,
    "fields": {
        "user": 151,
        "language": ""
    }
},
{
    "model": "assign4_stepanovicApp.profile",
    "pk": 22,
    "fields": {
        "user": 152,
        "language": ""
    }
},
{
    "model": "assign4_stepanovicApp.profile",
    "pk": 23,
    "fields": {
        "user": 153,
        "language": ""
    }
},
{
    "model": "assign4_stepanovicApp.profile",
    "pk": 24,
    "fields": {
        "user": 154,
        "language": ""
    }
},
{
    "model": "assign4_stepanovicApp.profile",
    "pk": 25,
    "fields": {
        "user": 155,
        "language": ""
    }
},
{
    "model": "assign4_stepanovicApp.profile",
    "pk": 26,
    "fields": {
        "user": 156,
        "language": ""
    }
},
{
    "model": "assign4_stepanovicApp.profile",
    "pk": 27,
    "fields": {
        "user": 157,
        "language": ""
    }
},
{
    "model": "assign4_stepanovicApp.profile",
    "pk": 28,
    "fields": {
        "user": 158,
        "language": ""
    }
},
{
    "model": "assign4_stepanovicApp.profile",
    "pk": 29,
    "fields": {
        "user": 159,
        "language": ""
    }
},
{
    "model": "assign4_stepanovicApp.profile",
    "pk": 30,
    "fields": {
        "user": 160,
        "language": ""
    }
},
{
    "model": "assign4_stepanovicApp.profile",
    "pk": 31,
    "fields": {
        "user": 161,
        "language": ""
    }
},
{
    "model": "assign4_stepanovicApp.profile",
    "pk": 32,
    "fields": {
        "user": 162,
        "language": ""
    }
},
{
    "model": "assign4_stepanovicApp.profile",
    "pk": 33,
    "fields": {
        "user": 163,
        "language": ""
    }
},
{
    "model": "assign4_stepanovicApp.profile",
    "pk": 34,
    "fields": {
        "user": 164,
        "language": ""
    }
},
{
    "model": "assign4_stepanovicApp.profile",
    "pk": 35,
    "fields": {
        "user": 165,
        "language": ""
    }
},
{
    "model": "assign4_stepanovicApp.profile",
    "pk": 36,
    "fields": {
        "user": 166,
        "language": ""
    }
},
{
    "model": "assign4_stepanovicApp.profile",
    "pk": 37,
    "fields": {
        "user": 167,
        "language": ""
    }
},
{
    "model": "assign4_stepanovicApp.profile",
    "pk": 38,
    "fields": {
        "user": 168,
        "language": ""
    }
},
{
    "model": "assign4_stepanovicApp.profile",
    "pk": 39,
    "fields": {
        "user": 169,
        "language": ""
    }
},
{
    "model": "assign4_stepanovicApp.profile",
    "pk": 40,
    "fields": {
        "user": 170,
        "language": ""
    }
},
{
    "model": "assign4_stepanovicApp.profile",
    "pk": 41,
    "fields": {
        "user": 171,
        "language": ""
    }
},
{
    "model": "assign4_stepanovicApp.profile",
    "pk": 42,
    "fields": {
        "user": 172,
        "language": ""
    }
},
{
    "model": "assign4_stepanovicApp.profile",
    "pk": 43,
    "fields": {
        "user": 173,
        "language": ""
    }
},
{
    "model": "assign4_stepanovicApp.profile",
    "pk": 44,
    "fields": {
        "user": 174,
        "language": ""
    }
},
{
    "model": "assign4_stepanovicApp.profile",
    "pk": 45,
    "fields": {
        "user": 175,
        "language": ""
    }
},
{
    "model": "assign4_stepanovicApp.profile",
    "pk": 46,
    "fields": {
        "user": 176,
        "language": ""
    }
},
{
    "model": "assign4_stepanovicApp.profile",
    "pk": 47,
    "fields": {
        "user": 177,
        "language": ""
    }
},
{
    "model": "assign4_stepanovicApp.profile",
    "pk": 48,
    "fields": {
        "user": 178,
        "language": ""
    }
},
{
    "model": "assign4_stepanovicApp.profile",
    "pk": 49,
    "fields": {
        "user": 179,
        "language": ""
    }
},
{
    "model": "assign4_stepanovicApp.profile",
    "pk": 50,
    "fields": {
        "user": 180,
        "language": ""
    }
},
{
    "model": "assign4_stepanovicApp.bid",
    "pk": 196,
    "fields": {
        "bid": 2.0,
        "users": [
            132
        ],
        "auctions": [
            113
        ]
    }
},
{
    "model": "assign4_stepanovicApp.bid",
    "pk": 197,
    "fields": {
        "bid": 4.0,
        "users": [
            131
        ],
        "auctions": [
            113
        ]
    }
},
{
    "model": "assign4_stepanovicApp.bid",
    "pk": 198,
    "fields": {
        "bid": 3.0,
        "users": [
            133
        ],
        "auctions": [
            114
        ]
    }
},
{
    "model": "assign4_stepanovicApp.bid",
    "pk": 199,
    "fields": {
        "bid": 6.0,
        "users": [
            132
        ],
        "auctions": [
            114
        ]
    }
},
{
    "model": "assign4_stepanovicApp.bid",
    "pk": 200,
    "fields": {
        "bid": 4.0,
        "users": [
            134
        ],
        "auctions": [
            115
        ]
    }
},
{
    "model": "assign4_stepanovicApp.bid",
    "pk": 201,
    "fields": {
        "bid": 8.0,
        "users": [
            133
        ],
        "auctions": [
            115
        ]
    }
},
{
    "model": "assign4_stepanovicApp.bid",
    "pk": 202,
    "fields": {
        "bid": 5.0,
        "users": [
            135
        ],
        "auctions": [
            116
        ]
    }
},
{
    "model": "assign4_stepanovicApp.bid",
    "pk": 203,
    "fields": {
        "bid": 10.0,
        "users": [
            134
        ],
        "auctions": [
            116
        ]
    }
},
{
    "model": "assign4_stepanovicApp.bid",
    "pk": 204,
    "fields": {
        "bid": 6.0,
        "users": [
            136
        ],
        "auctions": [
            117
        ]
    }
},
{
    "model": "assign4_stepanovicApp.bid",
    "pk": 205,
    "fields": {
        "bid": 12.0,
        "users": [
            135
        ],
        "auctions": [
            117
        ]
    }
},
{
    "model": "assign4_stepanovicApp.bid",
    "pk": 206,
    "fields": {
        "bid": 7.0,
        "users": [
            137
        ],
        "auctions": [
            118
        ]
    }
},
{
    "model": "assign4_stepanovicApp.bid",
    "pk": 207,
    "fields": {
        "bid": 14.0,
        "users": [
            136
        ],
        "auctions": [
            118
        ]
    }
},
{
    "model": "assign4_stepanovicApp.bid",
    "pk": 208,
    "fields": {
        "bid": 8.0,
        "users": [
            138
        ],
        "auctions": [
            119
        ]
    }
},
{
    "model": "assign4_stepanovicApp.bid",
    "pk": 209,
    "fields": {
        "bid": 16.0,
        "users": [
            137
        ],
        "auctions": [
            119
        ]
    }
},
{
    "model": "assign4_stepanovicApp.bid",
    "pk": 210,
    "fields": {
        "bid": 9.0,
        "users": [
            139
        ],
        "auctions": [
            120
        ]
    }
},
{
    "model": "assign4_stepanovicApp.bid",
    "pk": 211,
    "fields": {
        "bid": 18.0,
        "users": [
            138
        ],
        "auctions": [
            120
        ]
    }
},
{
    "model": "assign4_stepanovicApp.bid",
    "pk": 212,
    "fields": {
        "bid": 10.0,
        "users": [
            140
        ],
        "auctions": [
            121
        ]
    }
},
{
    "model": "assign4_stepanovicApp.bid",
    "pk": 213,
    "fields": {
        "bid": 20.0,
        "users": [
            139
        ],
        "auctions": [
            121
        ]
    }
},
{
    "model": "assign4_stepanovicApp.bid",
    "pk": 214,
    "fields": {
        "bid": 11.0,
        "users": [
            141
        ],
        "auctions": [
            122
        ]
    }
},
{
    "model": "assign4_stepanovicApp.bid",
    "pk": 215,
    "fields": {
        "bid": 22.0,
        "users": [
            140
        ],
        "auctions": [
            122
        ]
    }
},
{
    "model": "assign4_stepanovicApp.bid",
    "pk": 216,
    "fields": {
        "bid": 12.0,
        "users": [
            142
        ],
        "auctions": [
            123
        ]
    }
},
{
    "model": "assign4_stepanovicApp.bid",
    "pk": 217,
    "fields": {
        "bid": 24.0,
        "users": [
            141
        ],
        "auctions": [
            123
        ]
    }
},
{
    "model": "assign4_stepanovicApp.bid",
    "pk": 218,
    "fields": {
        "bid": 13.0,
        "users": [
            143
        ],
        "auctions": [
            124
        ]
    }
},
{
    "model": "assign4_stepanovicApp.bid",
    "pk": 219,
    "fields": {
        "bid": 26.0,
        "users": [
            142
        ],
        "auctions": [
            124
        ]
    }
},
{
    "model": "assign4_stepanovicApp.bid",
    "pk": 220,
    "fields": {
        "bid": 14.0,
        "users": [
            144
        ],
        "auctions": [
            125
        ]
    }
},
{
    "model": "assign4_stepanovicApp.bid",
    "pk": 221,
    "fields": {
        "bid": 28.0,
        "users": [
            143
        ],
        "auctions": [
            125
        ]
    }
},
{
    "model": "assign4_stepanovicApp.bid",
    "pk": 222,
    "fields": {
        "bid": 15.0,
        "users": [
            145
        ],
        "auctions": [
            126
        ]
    }
},
{
    "model": "assign4_stepanovicApp.bid",
    "pk": 223,
    "fields": {
        "bid": 30.0,
        "users": [
            144
        ],
        "auctions": [
            126
        ]
    }
},
{
    "model": "assign4_stepanovicApp.bid",
    "pk": 224,
    "fields": {
        "bid": 16.0,
        "users": [
            146
        ],
        "auctions": [
            127
        ]
    }
},
{
    "model": "assign4_stepanovicApp.bid",
    "pk": 225,
    "fields": {
        "bid": 32.0,
        "users": [
            145
        ],
        "auctions": [
            127
        ]
    }
},
{
    "model": "assign4_stepanovicApp.bid",
    "pk": 226,
    "fields": {
        "bid": 17.0,
        "users": [
            147
        ],
        "auctions": [
            128
        ]
    }
},
{
    "model": "assign4_stepanovicApp.bid",
    "pk": 227,
    "fields": {
        "bid": 34.0,
        "users": [
            146
        ],
        "auctions": [
            128
        ]
    }
},
{
    "model": "assign4_stepanovicApp.bid",
    "pk": 228,
    "fields": {
        "bid": 18.0,
        "users": [
            148
        ],
        "auctions": [
            129
        ]
    }
},
{
    "model": "assign4_stepanovicApp.bid",
    "pk": 229,
    "fields": {
        "bid": 36.0,
        "users": [
            147
        ],
        "auctions": [
            129
        ]
    }
},
{
    "model": "assign4_stepanovicApp.bid",
    "pk": 230,
    "fields": {
        "bid": 19.0,
        "users": [
            149
        ],
        "auctions": [
            130
        ]
    }
},
{
    "model": "assign4_stepanovicApp.bid",
    "pk": 231,
    "fields": {
        "bid": 38.0,
        "users": [
            148
        ],
        "auctions": [
            130
        ]
    }
},
{
    "model": "assign4_stepanovicApp.bid",
    "pk": 232,
    "fields": {
        "bid": 20.0,
        "users": [
            150
        ],
        "auctions": [
            131
        ]
    }
},
{
    "model": "assign4_stepanovicApp.bid",
    "pk": 233,
    "fields": {
        "bid": 40.0,
        "users": [
            149
        ],
        "auctions": [
            131
        ]
    }
},
{
    "model": "assign4_stepanovicApp.bid",
    "pk": 234,
    "fields": {
        "bid": 21.0,
        "users": [
            151
        ],
        "auctions": [
            132
        ]
    }
},
{
    "model": "assign4_stepanovicApp.bid",
    "pk": 235,
    "fields": {
        "bid": 42.0,
        "users": [
            150
        ],
        "auctions": [
            132
        ]
    }
},
{
    "model": "assign4_stepanovicApp.bid",
    "pk": 236,
    "fields": {
        "bid": 22.0,
        "users": [
            152
        ],
        "auctions": [
            133
        ]
    }
},
{
    "model": "assign4_stepanovicApp.bid",
    "pk": 237,
    "fields": {
        "bid": 44.0,
        "users": [
            151
        ],
        "auctions": [
            133
        ]
    }
},
{
    "model": "assign4_stepanovicApp.bid",
    "pk": 238,
    "fields": {
        "bid": 23.0,
        "users": [
            153
        ],
        "auctions": [
            134
        ]
    }
},
{
    "model": "assign4_stepanovicApp.bid",
    "pk": 239,
    "fields": {
        "bid": 46.0,
        "users": [
            152
        ],
        "auctions": [
            134
        ]
    }
},
{
    "model": "assign4_stepanovicApp.bid",
    "pk": 240,
    "fields": {
        "bid": 24.0,
        "users": [
            154
        ],
        "auctions": [
            135
        ]
    }
},
{
    "model": "assign4_stepanovicApp.bid",
    "pk": 241,
    "fields": {
        "bid": 48.0,
        "users": [
            153
        ],
        "auctions": [
            135
        ]
    }
},
{
    "model": "assign4_stepanovicApp.bid",
    "pk": 242,
    "fields": {
        "bid": 25.0,
        "users": [
            155
        ],
        "auctions": [
            136
        ]
    }
},
{
    "model": "assign4_stepanovicApp.bid",
    "pk": 243,
    "fields": {
        "bid": 50.0,
        "users": [
            154
        ],
        "auctions": [
            136
        ]
    }
},
{
    "model": "assign4_stepanovicApp.bid",
    "pk": 244,
    "fields": {
        "bid": 26.0,
        "users": [
            156
        ],
        "auctions": [
            137
        ]
    }
},
{
    "model": "assign4_stepanovicApp.bid",
    "pk": 245,
    "fields": {
        "bid": 52.0,
        "users": [
            155
        ],
        "auctions": [
            137
        ]
    }
},
{
    "model": "assign4_stepanovicApp.bid",
    "pk": 246,
    "fields": {
        "bid": 27.0,
        "users": [
            157
        ],
        "auctions": [
            138
        ]
    }
},
{
    "model": "assign4_stepanovicApp.bid",
    "pk": 247,
    "fields": {
        "bid": 54.0,
        "users": [
            156
        ],
        "auctions": [
            138
        ]
    }
},
{
    "model": "assign4_stepanovicApp.bid",
    "pk": 248,
    "fields": {
        "bid": 28.0,
        "users": [
            158
        ],
        "auctions": [
            139
        ]
    }
},
{
    "model": "assign4_stepanovicApp.bid",
    "pk": 249,
    "fields": {
        "bid": 56.0,
        "users": [
            157
        ],
        "auctions": [
            139
        ]
    }
},
{
    "model": "assign4_stepanovicApp.bid",
    "pk": 250,
    "fields": {
        "bid": 29.0,
        "users": [
            159
        ],
        "auctions": [
            140
        ]
    }
},
{
    "model": "assign4_stepanovicApp.bid",
    "pk": 251,
    "fields": {
        "bid": 58.0,
        "users": [
            158
        ],
        "auctions": [
            140
        ]
    }
},
{
    "model": "assign4_stepanovicApp.bid",
    "pk": 252,
    "fields": {
        "bid": 30.0,
        "users": [
            160
        ],
        "auctions": [
            141
        ]
    }
},
{
    "model": "assign4_stepanovicApp.bid",
    "pk": 253,
    "fields": {
        "bid": 60.0,
        "users": [
            159
        ],
        "auctions": [
            141
        ]
    }
},
{
    "model": "assign4_stepanovicApp.bid",
    "pk": 254,
    "fields": {
        "bid": 31.0,
        "users": [
            161
        ],
        "auctions": [
            142
        ]
    }
},
{
    "model": "assign4_stepanovicApp.bid",
    "pk": 255,
    "fields": {
        "bid": 62.0,
        "users": [
            160
        ],
        "auctions": [
            142
        ]
    }
},
{
    "model": "assign4_stepanovicApp.bid",
    "pk": 256,
    "fields": {
        "bid": 32.0,
        "users": [
            162
        ],
        "auctions": [
            143
        ]
    }
},
{
    "model": "assign4_stepanovicApp.bid",
    "pk": 257,
    "fields": {
        "bid": 64.0,
        "users": [
            161
        ],
        "auctions": [
            143
        ]
    }
},
{
    "model": "assign4_stepanovicApp.bid",
    "pk": 258,
    "fields": {
        "bid": 33.0,
        "users": [
            163
        ],
        "auctions": [
            144
        ]
    }
},
{
    "model": "assign4_stepanovicApp.bid",
    "pk": 259,
    "fields": {
        "bid": 66.0,
        "users": [
            162
        ],
        "auctions": [
            144
        ]
    }
},
{
    "model": "assign4_stepanovicApp.bid",
    "pk": 260,
    "fields": {
        "bid": 34.0,
        "users": [
            164
        ],
        "auctions": [
            145
        ]
    }
},
{
    "model": "assign4_stepanovicApp.bid",
    "pk": 261,
    "fields": {
        "bid": 68.0,
        "users": [
            163
        ],
        "auctions": [
            145
        ]
    }
},
{
    "model": "assign4_stepanovicApp.bid",
    "pk": 262,
    "fields": {
        "bid": 35.0,
        "users": [
            165
        ],
        "auctions": [
            146
        ]
    }
},
{
    "model": "assign4_stepanovicApp.bid",
    "pk": 263,
    "fields": {
        "bid": 70.0,
        "users": [
            164
        ],
        "auctions": [
            146
        ]
    }
},
{
    "model": "assign4_stepanovicApp.bid",
    "pk": 264,
    "fields": {
        "bid": 36.0,
        "users": [
            166
        ],
        "auctions": [
            147
        ]
    }
},
{
    "model": "assign4_stepanovicApp.bid",
    "pk": 265,
    "fields": {
        "bid": 72.0,
        "users": [
            165
        ],
        "auctions": [
            147
        ]
    }
},
{
    "model": "assign4_stepanovicApp.bid",
    "pk": 266,
    "fields": {
        "bid": 37.0,
        "users": [
            167
        ],
        "auctions": [
            148
        ]
    }
},
{
    "model": "assign4_stepanovicApp.bid",
    "pk": 267,
    "fields": {
        "bid": 74.0,
        "users": [
            166
        ],
        "auctions": [
            148
        ]
    }
},
{
    "model": "assign4_stepanovicApp.bid",
    "pk": 268,
    "fields": {
        "bid": 38.0,
        "users": [
            168
        ],
        "auctions": [
            149
        ]
    }
},
{
    "model": "assign4_stepanovicApp.bid",
    "pk": 269,
    "fields": {
        "bid": 76.0,
        "users": [
            167
        ],
        "auctions": [
            149
        ]
    }
},
{
    "model": "assign4_stepanovicApp.bid",
    "pk": 270,
    "fields": {
        "bid": 39.0,
        "users": [
            169
        ],
        "auctions": [
            150
        ]
    }
},
{
    "model": "assign4_stepanovicApp.bid",
    "pk": 271,
    "fields": {
        "bid": 78.0,
        "users": [
            168
        ],
        "auctions": [
            150
        ]
    }
},
{
    "model": "assign4_stepanovicApp.bid",
    "pk": 272,
    "fields": {
        "bid": 40.0,
        "users": [
            170
        ],
        "auctions": [
            151
        ]
    }
},
{
    "model": "assign4_stepanovicApp.bid",
    "pk": 273,
    "fields": {
        "bid": 80.0,
        "users": [
            169
        ],
        "auctions": [
            151
        ]
    }
},
{
    "model": "assign4_stepanovicApp.bid",
    "pk": 274,
    "fields": {
        "bid": 41.0,
        "users": [
            171
        ],
        "auctions": [
            152
        ]
    }
},
{
    "model": "assign4_stepanovicApp.bid",
    "pk": 275,
    "fields": {
        "bid": 82.0,
        "users": [
            170
        ],
        "auctions": [
            152
        ]
    }
},
{
    "model": "assign4_stepanovicApp.bid",
    "pk": 276,
    "fields": {
        "bid": 42.0,
        "users": [
            172
        ],
        "auctions": [
            153
        ]
    }
},
{
    "model": "assign4_stepanovicApp.bid",
    "pk": 277,
    "fields": {
        "bid": 84.0,
        "users": [
            171
        ],
        "auctions": [
            153
        ]
    }
},
{
    "model": "assign4_stepanovicApp.bid",
    "pk": 278,
    "fields": {
        "bid": 43.0,
        "users": [
            173
        ],
        "auctions": [
            154
        ]
    }
},
{
    "model": "assign4_stepanovicApp.bid",
    "pk": 279,
    "fields": {
        "bid": 86.0,
        "users": [
            172
        ],
        "auctions": [
            154
        ]
    }
},
{
    "model": "assign4_stepanovicApp.bid",
    "pk": 280,
    "fields": {
        "bid": 44.0,
        "users": [
            174
        ],
        "auctions": [
            155
        ]
    }
},
{
    "model": "assign4_stepanovicApp.bid",
    "pk": 281,
    "fields": {
        "bid": 88.0,
        "users": [
            173
        ],
        "auctions": [
            155
        ]
    }
},
{
    "model": "assign4_stepanovicApp.bid",
    "pk": 282,
    "fields": {
        "bid": 45.0,
        "users": [
            175
        ],
        "auctions": [
            156
        ]
    }
},
{
    "model": "assign4_stepanovicApp.bid",
    "pk": 283,
    "fields": {
        "bid": 90.0,
        "users": [
            174
        ],
        "auctions": [
            156
        ]
    }
},
{
    "model": "assign4_stepanovicApp.bid",
    "pk": 284,
    "fields": {
        "bid": 46.0,
        "users": [
            176
        ],
        "auctions": [
            157
        ]
    }
},
{
    "model": "assign4_stepanovicApp.bid",
    "pk": 285,
    "fields": {
        "bid": 92.0,
        "users": [
            175
        ],
        "auctions": [
            157
        ]
    }
},
{
    "model": "assign4_stepanovicApp.bid",
    "pk": 286,
    "fields": {
        "bid": 47.0,
        "users": [
            177
        ],
        "auctions": [
            158
        ]
    }
},
{
    "model": "assign4_stepanovicApp.bid",
    "pk": 287,
    "fields": {
        "bid": 94.0,
        "users": [
            176
        ],
        "auctions": [
            158
        ]
    }
},
{
    "model": "assign4_stepanovicApp.bid",
    "pk": 288,
    "fields": {
        "bid": 48.0,
        "users": [
            178
        ],
        "auctions": [
            159
        ]
    }
},
{
    "model": "assign4_stepanovicApp.bid",
    "pk": 289,
    "fields": {
        "bid": 96.0,
        "users": [
            177
        ],
        "auctions": [
            159
        ]
    }
},
{
    "model": "assign4_stepanovicApp.bid",
    "pk": 290,
    "fields": {
        "bid": 49.0,
        "users": [
            179
        ],
        "auctions": [
            160
        ]
    }
},
{
    "model": "assign4_stepanovicApp.bid",
    "pk": 291,
    "fields": {
        "bid": 98.0,
        "users": [
            178
        ],
        "auctions": [
            160
        ]
    }
},
{
    "model": "assign4_stepanovicApp.auction",
    "pk": 111,
    "fields": {
        "seller": 131,
        "title": "Auction1",
        "description": "Description1",
        "minimum_price": 1.0,
        "deadline": "2017-11-01T14:40:23.320Z",
        "state": "Active",
        "lockedby": "",
        "lockedbiddingby": ""
    }
},
{
    "model": "assign4_stepanovicApp.auction",
    "pk": 112,
    "fields": {
        "seller": 132,
        "title": "Auction2",
        "description": "Description2",
        "minimum_price": 1.0,
        "deadline": "2017-11-01T16:40:24.729Z",
        "state": "Active",
        "lockedby": "",
        "lockedbiddingby": ""
    }
},
{
    "model": "assign4_stepanovicApp.auction",
    "pk": 113,
    "fields": {
        "seller": 133,
        "title": "Auction3",
        "description": "Description3",
        "minimum_price": 1.0,
        "deadline": "2017-11-01T18:40:26.135Z",
        "state": "Active",
        "lockedby": "",
        "lockedbiddingby": ""
    }
},
{
    "model": "assign4_stepanovicApp.auction",
    "pk": 114,
    "fields": {
        "seller": 134,
        "title": "Auction4",
        "description": "Description4",
        "minimum_price": 1.0,
        "deadline": "2017-11-01T20:40:28.655Z",
        "state": "Active",
        "lockedby": "",
        "lockedbiddingby": ""
    }
},
{
    "model": "assign4_stepanovicApp.auction",
    "pk": 115,
    "fields": {
        "seller": 135,
        "title": "Auction5",
        "description": "Description5",
        "minimum_price": 1.0,
        "deadline": "2017-11-01T22:40:31.261Z",
        "state": "Active",
        "lockedby": "",
        "lockedbiddingby": ""
    }
},
{
    "model": "assign4_stepanovicApp.auction",
    "pk": 116,
    "fields": {
        "seller": 136,
        "title": "Auction6",
        "description": "Description6",
        "minimum_price": 1.0,
        "deadline": "2017-11-02T00:40:33.926Z",
        "state": "Active",
        "lockedby": "",
        "lockedbiddingby": ""
    }
},
{
    "model": "assign4_stepanovicApp.auction",
    "pk": 117,
    "fields": {
        "seller": 137,
        "title": "Auction7",
        "description": "Description7",
        "minimum_price": 1.0,
        "deadline": "2017-11-02T02:40:36.180Z",
        "state": "Active",
        "lockedby": "",
        "lockedbiddingby": ""
    }
},
{
    "model": "assign4_stepanovicApp.auction",
    "pk": 118,
    "fields": {
        "seller": 138,
        "title": "Auction8",
        "description": "Description8",
        "minimum_price": 1.0,
        "deadline": "2017-11-02T04:40:38.987Z",
        "state": "Active",
        "lockedby": "",
        "lockedbiddingby": ""
    }
},
{
    "model": "assign4_stepanovicApp.auction",
    "pk": 119,
    "fields": {
        "seller": 139,
        "title": "Auction9",
        "description": "Description9",
        "minimum_price": 1.0,
        "deadline": "2017-11-02T06:40:41.708Z",
        "state": "Active",
        "lockedby": "",
        "lockedbiddingby": ""
    }
},
{
    "model": "assign4_stepanovicApp.auction",
    "pk": 120,
    "fields": {
        "seller": 140,
        "title": "Auction10",
        "description": "Description10",
        "minimum_price": 1.0,
        "deadline": "2017-11-02T08:40:44.052Z",
        "state": "Active",
        "lockedby": "",
        "lockedbiddingby": ""
    }
},
{
    "model": "assign4_stepanovicApp.auction",
    "pk": 121,
    "fields": {
        "seller": 141,
        "title": "Auction11",
        "description": "Description11",
        "minimum_price": 1.0,
        "deadline": "2017-11-02T10:40:46.659Z",
        "state": "Active",
        "lockedby": "",
        "lockedbiddingby": ""
    }
},
{
    "model": "assign4_stepanovicApp.auction",
    "pk": 122,
    "fields": {
        "seller": 142,
        "title": "Auction12",
        "description": "Description12",
        "minimum_price": 1.0,
        "deadline": "2017-11-02T12:40:50.103Z",
        "state": "Active",
        "lockedby": "",
        "lockedbiddingby": ""
    }
},
{
    "model": "assign4_stepanovicApp.auction",
    "pk": 123,
    "fields": {
        "seller": 143,
        "title": "Auction13",
        "description": "Description13",
        "minimum_price": 1.0,
        "deadline": "2017-11-02T14:40:52.571Z",
        "state": "Active",
        "lockedby": "",
        "lockedbiddingby": ""
    }
},
{
    "model": "assign4_stepanovicApp.auction",
    "pk": 124,
    "fields": {
        "seller": 144,
        "title": "Auction14",
        "description": "Description14",
        "minimum_price": 1.0,
        "deadline": "2017-11-02T16:40:55.472Z",
        "state": "Active",
        "lockedby": "",
        "lockedbiddingby": ""
    }
},
{
    "model": "assign4_stepanovicApp.auction",
    "pk": 125,
    "fields": {
        "seller": 145,
        "title": "Auction15",
        "description": "Description15",
        "minimum_price": 1.0,
        "deadline": "2017-11-02T18:40:57.740Z",
        "state": "Active",
        "lockedby": "",
        "lockedbiddingby": ""
    }
},
{
    "model": "assign4_stepanovicApp.auction",
    "pk": 126,
    "fields": {
        "seller": 146,
        "title": "Auction16",
        "description": "Description16",
        "minimum_price": 1.0,
        "deadline": "2017-11-02T20:41:01.022Z",
        "state": "Active",
        "lockedby": "",
        "lockedbiddingby": ""
    }
},
{
    "model": "assign4_stepanovicApp.auction",
    "pk": 127,
    "fields": {
        "seller": 147,
        "title": "Auction17",
        "description": "Description17",
        "minimum_price": 1.0,
        "deadline": "2017-11-02T22:41:03.868Z",
        "state": "Active",
        "lockedby": "",
        "lockedbiddingby": ""
    }
},
{
    "model": "assign4_stepanovicApp.auction",
    "pk": 128,
    "fields": {
        "seller": 148,
        "title": "Auction18",
        "description": "Description18",
        "minimum_price": 1.0,
        "deadline": "2017-11-03T00:41:06.632Z",
        "state": "Active",
        "lockedby": "",
        "lockedbiddingby": ""
    }
},
{
    "model": "assign4_stepanovicApp.auction",
    "pk": 129,
    "fields": {
        "seller": 149,
        "title": "Auction19",
        "description": "Description19",
        "minimum_price": 1.0,
        "deadline": "2017-11-03T02:41:09.271Z",
        "state": "Active",
        "lockedby": "",
        "lockedbiddingby": ""
    }
},
{
    "model": "assign4_stepanovicApp.auction",
    "pk": 130,
    "fields": {
        "seller": 150,
        "title": "Auction20",
        "description": "Description20",
        "minimum_price": 1.0,
        "deadline": "2017-11-03T04:41:12.871Z",
        "state": "Active",
        "lockedby": "",
        "lockedbiddingby": ""
    }
},
{
    "model": "assign4_stepanovicApp.auction",
    "pk": 131,
    "fields": {
        "seller": 151,
        "title": "Auction21",
        "description": "Description21",
        "minimum_price": 1.0,
        "deadline": "2017-11-03T06:41:15.914Z",
        "state": "Active",
        "lockedby": "",
        "lockedbiddingby": ""
    }
},
{
    "model": "assign4_stepanovicApp.auction",
    "pk": 132,
    "fields": {
        "seller": 152,
        "title": "Auction22",
        "description": "Description22",
        "minimum_price": 1.0,
        "deadline": "2017-11-03T08:41:18.071Z",
        "state": "Active",
        "lockedby": "",
        "lockedbiddingby": ""
    }
},
{
    "model": "assign4_stepanovicApp.auction",
    "pk": 133,
    "fields": {
        "seller": 153,
        "title": "Auction23",
        "description": "Description23",
        "minimum_price": 1.0,
        "deadline": "2017-11-03T10:41:20.441Z",
        "state": "Active",
        "lockedby": "",
        "lockedbiddingby": ""
    }
},
{
    "model": "assign4_stepanovicApp.auction",
    "pk": 134,
    "fields": {
        "seller": 154,
        "title": "Auction24",
        "description": "Description24",
        "minimum_price": 1.0,
        "deadline": "2017-11-03T12:41:23.279Z",
        "state": "Active",
        "lockedby": "",
        "lockedbiddingby": ""
    }
},
{
    "model": "assign4_stepanovicApp.auction",
    "pk": 135,
    "fields": {
        "seller": 155,
        "title": "Auction25",
        "description": "Description25",
        "minimum_price": 1.0,
        "deadline": "2017-11-03T14:41:25.753Z",
        "state": "Active",
        "lockedby": "",
        "lockedbiddingby": ""
    }
},
{
    "model": "assign4_stepanovicApp.auction",
    "pk": 136,
    "fields": {
        "seller": 156,
        "title": "Auction26",
        "description": "Description26",
        "minimum_price": 1.0,
        "deadline": "2017-11-03T16:41:28.423Z",
        "state": "Active",
        "lockedby": "",
        "lockedbiddingby": ""
    }
},
{
    "model": "assign4_stepanovicApp.auction",
    "pk": 137,
    "fields": {
        "seller": 157,
        "title": "Auction27",
        "description": "Description27",
        "minimum_price": 1.0,
        "deadline": "2017-11-03T18:41:30.987Z",
        "state": "Active",
        "lockedby": "",
        "lockedbiddingby": ""
    }
},
{
    "model": "assign4_stepanovicApp.auction",
    "pk": 138,
    "fields": {
        "seller": 158,
        "title": "Auction28",
        "description": "Description28",
        "minimum_price": 1.0,
        "deadline": "2017-11-03T20:41:33.757Z",
        "state": "Active",
        "lockedby": "",
        "lockedbiddingby": ""
    }
},
{
    "model": "assign4_stepanovicApp.auction",
    "pk": 139,
    "fields": {
        "seller": 159,
        "title": "Auction29",
        "description": "Description29",
        "minimum_price": 1.0,
        "deadline": "2017-11-03T22:41:36.189Z",
        "state": "Active",
        "lockedby": "",
        "lockedbiddingby": ""
    }
},
{
    "model": "assign4_stepanovicApp.auction",
    "pk": 140,
    "fields": {
        "seller": 160,
        "title": "Auction30",
        "description": "Description30",
        "minimum_price": 1.0,
        "deadline": "2017-11-04T00:41:38.727Z",
        "state": "Active",
        "lockedby": "",
        "lockedbiddingby": ""
    }
},
{
    "model": "assign4_stepanovicApp.auction",
    "pk": 141,
    "fields": {
        "seller": 161,
        "title": "Auction31",
        "description": "Description31",
        "minimum_price": 1.0,
        "deadline": "2017-11-04T02:41:41.324Z",
        "state": "Active",
        "lockedby": "",
        "lockedbiddingby": ""
    }
},
{
    "model": "assign4_stepanovicApp.auction",
    "pk": 142,
    "fields": {
        "seller": 162,
        "title": "Auction32",
        "description": "Description32",
        "minimum_price": 1.0,
        "deadline": "2017-11-04T04:41:43.918Z",
        "state": "Active",
        "lockedby": "",
        "lockedbiddingby": ""
    }
},
{
    "model": "assign4_stepanovicApp.auction",
    "pk": 143,
    "fields": {
        "seller": 163,
        "title": "Auction33",
        "description": "Description33",
        "minimum_price": 1.0,
        "deadline": "2017-11-04T06:41:46.662Z",
        "state": "Active",
        "lockedby": "",
        "lockedbiddingby": ""
    }
},
{
    "model": "assign4_stepanovicApp.auction",
    "pk": 144,
    "fields": {
        "seller": 164,
        "title": "Auction34",
        "description": "Description34",
        "minimum_price": 1.0,
        "deadline": "2017-11-04T08:41:49.398Z",
        "state": "Active",
        "lockedby": "",
        "lockedbiddingby": ""
    }
},
{
    "model": "assign4_stepanovicApp.auction",
    "pk": 145,
    "fields": {
        "seller": 165,
        "title": "Auction35",
        "description": "Description35",
        "minimum_price": 1.0,
        "deadline": "2017-11-04T10:41:51.699Z",
        "state": "Active",
        "lockedby": "",
        "lockedbiddingby": ""
    }
},
{
    "model": "assign4_stepanovicApp.auction",
    "pk": 146,
    "fields": {
        "seller": 166,
        "title": "Auction36",
        "description": "Description36",
        "minimum_price": 1.0,
        "deadline": "2017-11-04T12:41:54.341Z",
        "state": "Active",
        "lockedby": "",
        "lockedbiddingby": ""
    }
},
{
    "model": "assign4_stepanovicApp.auction",
    "pk": 147,
    "fields": {
        "seller": 167,
        "title": "Auction37",
        "description": "Description37",
        "minimum_price": 1.0,
        "deadline": "2017-11-04T14:41:57.244Z",
        "state": "Active",
        "lockedby": "",
        "lockedbiddingby": ""
    }
},
{
    "model": "assign4_stepanovicApp.auction",
    "pk": 148,
    "fields": {
        "seller": 168,
        "title": "Auction38",
        "description": "Description38",
        "minimum_price": 1.0,
        "deadline": "2017-11-04T16:41:59.753Z",
        "state": "Active",
        "lockedby": "",
        "lockedbiddingby": ""
    }
},
{
    "model": "assign4_stepanovicApp.auction",
    "pk": 149,
    "fields": {
        "seller": 169,
        "title": "Auction39",
        "description": "Description39",
        "minimum_price": 1.0,
        "deadline": "2017-11-04T18:42:02.246Z",
        "state": "Active",
        "lockedby": "",
        "lockedbiddingby": ""
    }
},
{
    "model": "assign4_stepanovicApp.auction",
    "pk": 150,
    "fields": {
        "seller": 170,
        "title": "Auction40",
        "description": "Description40",
        "minimum_price": 1.0,
        "deadline": "2017-11-04T20:42:04.979Z",
        "state": "Active",
        "lockedby": "",
        "lockedbiddingby": ""
    }
},
{
    "model": "assign4_stepanovicApp.auction",
    "pk": 151,
    "fields": {
        "seller": 171,
        "title": "Auction41",
        "description": "Description41",
        "minimum_price": 1.0,
        "deadline": "2017-11-04T22:42:07.363Z",
        "state": "Active",
        "lockedby": "",
        "lockedbiddingby": ""
    }
},
{
    "model": "assign4_stepanovicApp.auction",
    "pk": 152,
    "fields": {
        "seller": 172,
        "title": "Auction42",
        "description": "Description42",
        "minimum_price": 1.0,
        "deadline": "2017-11-05T00:42:13.649Z",
        "state": "Active",
        "lockedby": "",
        "lockedbiddingby": ""
    }
},
{
    "model": "assign4_stepanovicApp.auction",
    "pk": 153,
    "fields": {
        "seller": 173,
        "title": "Auction43",
        "description": "Description43",
        "minimum_price": 1.0,
        "deadline": "2017-11-05T02:42:18.447Z",
        "state": "Active",
        "lockedby": "",
        "lockedbiddingby": ""
    }
},
{
    "model": "assign4_stepanovicApp.auction",
    "pk": 154,
    "fields": {
        "seller": 174,
        "title": "Auction44",
        "description": "Description44",
        "minimum_price": 1.0,
        "deadline": "2017-11-05T04:42:26.366Z",
        "state": "Active",
        "lockedby": "",
        "lockedbiddingby": ""
    }
},
{
    "model": "assign4_stepanovicApp.auction",
    "pk": 155,
    "fields": {
        "seller": 175,
        "title": "Auction45",
        "description": "Description45",
        "minimum_price": 1.0,
        "deadline": "2017-11-05T06:42:29.345Z",
        "state": "Active",
        "lockedby": "",
        "lockedbiddingby": ""
    }
},
{
    "model": "assign4_stepanovicApp.auction",
    "pk": 156,
    "fields": {
        "seller": 176,
        "title": "Auction46",
        "description": "Description46",
        "minimum_price": 1.0,
        "deadline": "2017-11-05T08:42:32.214Z",
        "state": "Active",
        "lockedby": "",
        "lockedbiddingby": ""
    }
},
{
    "model": "assign4_stepanovicApp.auction",
    "pk": 157,
    "fields": {
        "seller": 177,
        "title": "Auction47",
        "description": "Description47",
        "minimum_price": 1.0,
        "deadline": "2017-11-05T10:42:35.600Z",
        "state": "Active",
        "lockedby": "",
        "lockedbiddingby": ""
    }
},
{
    "model": "assign4_stepanovicApp.auction",
    "pk": 158,
    "fields": {
        "seller": 178,
        "title": "Auction48",
        "description": "Description48",
        "minimum_price": 1.0,
        "deadline": "2017-11-05T12:42:38.338Z",
        "state": "Active",
        "lockedby": "",
        "lockedbiddingby": ""
    }
},
{
    "model": "assign4_stepanovicApp.auction",
    "pk": 159,
    "fields": {
        "seller": 179,
        "title": "Auction49",
        "description": "Description49",
        "minimum_price": 1.0,
        "deadline": "2017-11-05T14:42:41.095Z",
        "state": "Active",
        "lockedby": "",
        "lockedbiddingby": ""
    }
},
{
    "model": "assign4_stepanovicApp.auction",
    "pk": 160,
    "fields": {
        "seller": 180,
        "title": "Auction50",
        "description": "Description50",
        "minimum_price": 1.0,
        "deadline": "2017-11-05T16:42:43.398Z",
        "state": "Active",
        "lockedby": "",
        "lockedbiddingby": ""
    }
}
]
